title,link
어린이대공원 매점 냉장고 점검 부탁드립니다.,https://www.sisul.or.kr/open_content/childrenpark/qna/qnaMsgDetail.do;jsessionid=zpw3usQpBOXPXU14JqTlExyFrdnCunyoeto8JO5CuNWKpyNYprRoMOgEaph805cx.etisw1_servlet_user?qnaid=QNAS20210925000002&pgno=1
어린이를 위한 공원내 식당에 아기를 위한 시설 부족(아기의자가 왜 없죠?),https://www.sisul.or.kr/open_content/childrenpark/qna/qnaMsgDetail.do;jsessionid=zpw3usQpBOXPXU14JqTlExyFrdnCunyoeto8JO5CuNWKpyNYprRoMOgEaph805cx.etisw1_servlet_user?qnaid=QNAS20210923000005&pgno=1
강창수 해설사님 ,https://www.sisul.or.kr/open_content/childrenpark/qna/qnaMsgDetail.do;jsessionid=zpw3usQpBOXPXU14JqTlExyFrdnCunyoeto8JO5CuNWKpyNYprRoMOgEaph805cx.etisw1_servlet_user?qnaid=QNAS20210920000001&pgno=1
동물해설사님 칭찬,https://www.sisul.or.kr/open_content/childrenpark/qna/qnaMsgDetail.do;jsessionid=zpw3usQpBOXPXU14JqTlExyFrdnCunyoeto8JO5CuNWKpyNYprRoMOgEaph805cx.etisw1_servlet_user?qnaid=QNAS20210919000004&pgno=1
강창수 동물 해설사님,https://www.sisul.or.kr/open_content/childrenpark/qna/qnaMsgDetail.do;jsessionid=zpw3usQpBOXPXU14JqTlExyFrdnCunyoeto8JO5CuNWKpyNYprRoMOgEaph805cx.etisw1_servlet_user?qnaid=QNAS20210919000003&pgno=1
놀이동산 푸드코트 김치가 중국산인 이유는?,https://www.sisul.or.kr/open_content/childrenpark/qna/qnaMsgDetail.do;jsessionid=zpw3usQpBOXPXU14JqTlExyFrdnCunyoeto8JO5CuNWKpyNYprRoMOgEaph805cx.etisw1_servlet_user?qnaid=QNAS20210918000002&pgno=1
주슨트 설명 최고예요!!,https://www.sisul.or.kr/open_content/childrenpark/qna/qnaMsgDetail.do;jsessionid=zpw3usQpBOXPXU14JqTlExyFrdnCunyoeto8JO5CuNWKpyNYprRoMOgEaph805cx.etisw1_servlet_user?qnaid=QNAS20210909000001&pgno=1
강창수 주슨트님 최고 !!,https://www.sisul.or.kr/open_content/childrenpark/qna/qnaMsgDetail.do;jsessionid=zpw3usQpBOXPXU14JqTlExyFrdnCunyoeto8JO5CuNWKpyNYprRoMOgEaph805cx.etisw1_servlet_user?qnaid=QNAS20210908000004&pgno=1
ZOOCENT 스케줄표?,https://www.sisul.or.kr/open_content/childrenpark/qna/qnaMsgDetail.do;jsessionid=zpw3usQpBOXPXU14JqTlExyFrdnCunyoeto8JO5CuNWKpyNYprRoMOgEaph805cx.etisw1_servlet_user?qnaid=QNAS20210906000002&pgno=1
호주동물 호주설명 ,https://www.sisul.or.kr/open_content/childrenpark/qna/qnaMsgDetail.do;jsessionid=zpw3usQpBOXPXU14JqTlExyFrdnCunyoeto8JO5CuNWKpyNYprRoMOgEaph805cx.etisw1_servlet_user?qnaid=QNAS20210904000006&pgno=1
